{"mode": "pre_market", "host": "CAT", "started": 1783224694.6668499, "last_beat": 1783225416.980367, "steps_done": 8, "total_steps": 9}